best_beta,best_error,best_initial_guess
[2618892.27621824],0.30743576247910065,[1000000.]
